uid,mtime,uname,vipType,level,sex,sign
267044951,1634644611,皮兰战团长声望,1,4,保密,让帝国再次伟大，幻萌万岁，虫群最强大，永远忠诚
686616981,1634750080,wdnmd249,0,2,保密,
50037108,1634747947,NanjoDA,2,5,保密,r组偷跑，wows主播，音游黑洞。暴躁口臭。roselia/fripSide/ller
406950838,1634739220,不动的大情报员,0,5,保密,天无二月，我心中只有蕾米莉亚一个月亮
400334015,1634635211,鲤鱼今天吃什么捏,0,2,保密,捏捏
1974161722,1634746900,某牛马s,0,2,保密,
526116201,1634567547,是楼鑫泽,0,2,保密,
2072509900,1634779386,bili_68148486271,1,2,保密,
289858474,1634649946,君长在此,1,5,男,本人p社玩家，另外在此推荐哔站欧陆成就向up主：恋爱到休克
230323607,1634621179,道衔,2,5,女,越来越抽象了
2012894132,1634652125,河湾地的zhangbennett,0,3,保密,
171239957,1634521820,吃瓜拱火的路人,1,5,男,
19339438,1634483969,BY_233,0,5,男,新浪微博：老狗BY
365869896,1634692255,我想我还是得改个名字,2,5,保密,保持乐观的态度，坚信生活的美好，要知道革命总是无往不胜的。
1413061667,1634708079,杨乌合,1,2,保密,
359804957,1634561205,bilibiliboomshak,2,5,保密,
174885912,1634742751,Ginger生姜人,2,5,保密,摸鱼小群欢迎来玩：372198068
220820836,1634654497,朗格拉日_,1,5,男,全靠我们自己……
57738863,1634731237,可靠的同志0v0,2,5,保密,
30506835,1634611613,2Tgo,1,5,男,本人白银菜鸡一枚
6836229,1634567169,翎辰舞,0,5,保密,我只是哀叹
20705528,1634713346,我竟吴言以对wolfram,2,5,男,啦啦啦
16050280,1634790678,麻团先生,1,5,保密,wryyyyyyyy
296874732,1634558350,喓印仛,2,5,保密,B站加油
398133095,1634563102,瘦肉小为啊啊啊,1,5,保密,专治失眠
487010046,1634645519,翼断,0,3,保密,
15098631,1634540263,三木不是是森,2,5,男,这个人本来想写，但被强制删了，就不想写了
1280960269,1634638938,水利人人下人,1,2,保密,
23266042,1634782821,喝前摇一摇z404,2,5,男,
560007536,1634567995,Whhyxd,1,4,保密,gta4NB
91887928,1634489722,邪恶BBQ,1,5,男,在整活儿了很努力辣  觉得有、意思就给个免费的赞吧亲  ( ੭ ˙ᗜ˙ )੭  谢谢老板  大家的支持对我真的很重要   嘿嘿嘿(º﹃º )
300984,1634724800,六分反击,1,6,保密,专注收集V家良曲一万年
434961664,1634688066,夕阳下的小浪哥,1,4,保密,
1143045687,1634792797,大千世界的随缘过客,0,2,保密,
1534886942,1634568445,SoGIto,1,2,保密,
14681529,1634491294,聖华年,2,5,保密,
518463214,1634739718,树光之巅,0,4,男,即将中考的有痣青年，重度永生代码信奉者兼强峰实验室C级人员，一年内不更
55893722,1634481240,笑了个小邪,0,4,保密,本人是萌新UP主大家想让我做什么手机视频请私聊我
225925221,1634542308,王嘉翰,2,5,保密,
205056268,1634784616,mouselhy,0,4,保密,
20633310,1634789824,Leo凌小月,1,5,男,携伴同游惜昼短，对枕无眠叹夜长。几梦不彷徨。
279020593,1634688378,febjrgjkgg,0,4,保密,
31636780,1634546999,EveArsh,2,5,保密,这该死的大学生活
42352074,1634643362,无亦菌,1,6,保密,中立人士 不对任何事发表任何意见
389882190,1634483375,盐屋shioya,2,3,保密,
11536557,1634516974,猿飞-Alivetta,2,6,男,在历史区和二次元反复横跳的二重灵魂~ ACG宅摄 反极端主义 超绝波粉 波兰历史群：856795402 游戏闲聊群：971987017 
40345080,1634526352,九风甘,1,4,保密,
85745048,1634490480,茶茶茶泡茶叶,1,5,保密,画(菜）
36155940,1634565383,铃言君,2,5,保密,我回来了
430824325,1634657039,冷夜ly_DT,1,5,女,试看未来的寰宇，必是赤旗的世界！
2494089,1634557274,冬眠了勿扰,2,5,保密,
16518737,1634616014,海格德,1,6,男,英文名：Harrgad，底层游戏up主，人称海哥，海鸽子，海老赖，多发游戏实况视频，偶尔充当业余翻译
488767482,1634706109,bili_32985915867,0,3,保密,
35931507,1634611580,wooky624,0,3,保密,
71239108,1634660657,wwnOfficial,1,5,男,这个人懒得想写啥
1861691331,1634734046,easy文字,1,2,保密,
233068394,1634621176,gelaf,0,4,保密,
374325764,1634701737,曾经的香菜,2,5,保密,
39606473,1634608628,Iambook,1,5,男,愿一切顺利
255205884,1634801288,约伊兹のFB,1,5,保密,一个老废物
65035514,1634696611,bencqy,0,5,保密,
415506611,1634734073,唯独我不偷币,1,4,保密,
7409506,1634576106,簏簌,2,6,保密,null
410789381,1634734346,我很渣的,2,5,保密,……
342963499,1634742602,破晓_流砂,2,5,保密,帅
350193049,1634700014,Maplestike,1,5,保密,。
46058521,1634732885,--唯--,2,6,保密,啊，这个人太懒了，什么也没写呢～(￣▽￣～)~
1913430128,1634738424,野法双亡,0,2,保密,
283715051,1634572334,被关小黑屋的小黑,2,5,男,向那未曾设想的道路，前进！
1857483189,1634565782,已死请烧纸q,0,3,保密,
40884418,1634736041,绘漓依酱,1,5,女,
1483546294,1634745575,bili_17122540521,0,0,保密,
1115361023,1634565376,bili_37370736474,0,2,保密,
140854,1634653103,肥肠_煎蛋,2,5,保密,When I see you again、
10035355,1634792618,酸甜苦辣咸鱼怪味海沙,2,6,保密,
1730008,1634603441,小関ももこ,2,6,女,文章精简 表达准确 逻辑严谨 结构完整
442183195,1634650782,长门不能开大,2,4,保密,
74039703,1634557774,医科圣手,1,5,男,
406080076,1634632780,书刺行,0,5,保密,今天我没有什么可怜的，只是不幸而已
490816069,1634777645,枫烨映,1,4,保密,冲开血路 挥手上吧 要致力国家中兴
86085072,1634777168,闪击伯爵17,1,5,保密,
93829433,1634513570,网易游戏小卫士,2,5,保密,三两闲事挂心头，亦是人间好时节。
431679611,1634532110,中二张某,1,5,男,我们骄傲的称呼是同志，有这称呼不分人种和肤色，到处都是家庭，全世界无产阶级联合起来！！！ 
91506371,1634538843,大姐家的乌尔班,2,5,保密,漫漫秋日，如提琴长叹，我心暗伤
402768172,1634781782,A少符,1,5,男,A某人字少符
1194679549,1634648687,myx哈哈哈,0,3,保密,
1605284500,1634687435,囧月萌,1,2,保密,
257839084,1634644038,啊啊啊差不多得了,2,5,保密,
1762864574,1634644911,bili_95998055356,0,2,保密,
107306374,1634652624,孛儿只斤成吉思汗,2,5,保密,一个可爱、机智、漂亮、美丽、聪明的学生党
287083185,1634730059,Dr_Raymond,0,5,男,人生就像愤怒的小鸟，每当你失败时，总会有几只猪在狂笑。
517962846,1634601414,bili_44754712182,1,4,保密,
97021516,1634567781,半世超帅,2,5,保密,
381762934,1634748975,髅子,1,4,保密,
32308158,1634542569,一顶蓝帽,2,5,保密,
1390116876,1634707166,啦啦啦114514,0,2,保密,
216684838,1634523982,LuckySeven59,1,3,保密,
20806772,1634532285,25869856,2,5,保密,没有
525907759,1634643713,左下狗粮,1,4,保密,
404104629,1634564985,85508435039_bili,2,5,保密,
396531144,1634466043,学地理的吉太,1,4,保密,请余同学主动退账号
1943137963,1634468651,bili_34130365408,0,1,保密,
544831725,1634466105,Piyrw1441,2,4,保密,
14038435,1634462054,overbroad,2,5,男,就是逛逛……
276458981,1634468768,type59Z,2,5,男,这个人很憨批，什么也写不出来
30016080,1634457337,是九月的尾巴,2,6,保密,还有很多要学
1600445,1634460119,越南辅助,2,5,男,，，，
349644838,1634462741,65701158607_bili,0,2,保密,
336556912,1634472999,和平的欢乐颂,0,5,保密,天无二日，我心中只有明日香这一个太阳
268606241,1634472896,大共和国军,2,5,保密,这里是大共和国军，我们为了自由，为了人民而战，请不要试图抵抗，抵抗是徒劳的，等待你们都只有最终审判
1582854049,1634464862,Leader--one,1,4,保密,要用这被冷雨淋僵的躯体， 这被寒风冻裂的心脏， 还有这除了累累伤痕外别无他物的双手， 闯进你们的天堂去瞧瞧。
432143119,1634476471,不十连白云就算成功,0,5,保密,
443106153,1634465705,华悠邈,0,2,保密,
41645254,1634471420,黑夜里的明夜,1,6,男,蛤？！ 感谢
44655917,1634450185,Capital扬诺夫斯基,2,5,保密,吾乃太上大罗天仙紫极长生圣智统三元证应玉虚总掌五雷大真人玄都境万寿帝君朱厚熜是也！
354165412,1634455099,牛仔不勾,1,4,保密,网易《第五人格》官方高仿客服号：牛仔。  特性：踩雷大师，话唠。
252165959,1634431252,我卢苯韦没有开挂,2,5,保密,
501922096,1634450506,空无708,1,4,保密,已开学
95426456,1634453017,莫名的笑i,0,2,保密,
527156375,1634473694,-雷击处分-,0,3,保密,NA、碧蓝、sprocket玩家。懒得要死
435622503,1634462057,莫斯科郊外的Van上,0,3,男,在拉（幻）莱（想）耶（乡）石砌的迷宫里，沉睡的克（车）苏（万）鲁（众）等待入（复）梦（兴）……
424195966,1634446845,大明圣君猪油煎,1,4,保密,
486206555,1634450340,bili_486206555,1,5,保密,没有什么比怀旧名字更舒服的了(除了会被当水军这缺点)
95712361,1634479055,时晓之光,2,5,男,
2989300,1634453002,吃香蕉的童童,2,5,男,
35068551,1634446614,为老司机献上祝福,1,6,保密,既然你都来查成分了，那我为什么不顺从你呢？
35850784,1634446284,我已阅读协议并许可,1,5,保密,
1916625278,1634455943,风懈,0,0,保密,
290323560,1634452358,mirror不是镜子啊,0,4,保密,
400541440,1634452684,运气233,1,5,保密,
277608816,1634434382,星河波光,1,5,男,
515833166,1634478572,Au_ro-ra,1,4,保密,鹅鹅鹅，曲项向天歌
443180868,1634453345,重走一遍,0,5,保密,"Proletarioj en la tuta mondo, unuigu!"
473008259,1634453352,orthodos,0,4,保密,
527590045,1634434304,吾乃zero,0,4,保密,
1458881098,1634425514,是yhj,0,3,保密,
76701447,1634478753,SOULHUNTERS,2,5,保密,如要联系请找： This is our officialemail: SoulHunterOfficial@outlook.com
506936615,1634442415,劳动人民万岁,0,3,保密,
277371717,1634405411,多情自古伤离别_,1,5,女,你说你公道，我说我公道，公道不公道，自有天知道
454937963,1634441851,茶道赛糕,0,2,保密,
395656279,1634476124,泽言er,0,5,保密,实践是检验真理的唯一标准
632950876,1634476480,超屑的滑稽,0,2,保密,一个wan文明时代2和{坦闪}{坦克连}的屑滑稽 快手叫蓝箭蓝x
1139512014,1634397997,故事故事皆于盛夏,0,2,保密,
472867,1634411965,SadPando,2,6,保密,"Drum links, zwei, drei"
36231180,1634402491,Azerbaidjan,1,6,保密,
14974855,1634402082,名为肉松,1,5,男,
453389228,1634447509,手里有骷髅兜里没钱,0,4,保密,
436008262,1634436459,男妈妈带拳师,0,4,保密,气抖冷，地狱空荡荡，魔鬼在人间，男妈妈什么时候才能真正地站起来(ಥ_ಥ) 本人资深白嫖怪，兼职刀客塔、骂死他、清洁工、提督等，号称剩雄肝帝
1100891406,1634397617,bili_32644853703,0,0,保密,
499247932,1634439832,我是李shit,0,2,保密,
384766590,1634396954,生草了,1,5,保密,
646685535,1634409818,晨成星,1,3,保密,
1017724496,1634441445,土豆1664,0,2,保密,
397235939,1634399718,凛恪思幽,1,4,男,这个人是条懒狗。
614485009,1634395816,Gwshengyu,0,3,保密,
1807783316,1634470358,Vcslive,0,2,保密,虚拟社团Vcslive
172373871,1634389463,死不了的小草,1,5,保密,
588686594,1634462284,嘤联邦sky朝大明尼亚球,0,2,保密,波圈爱好者，大号玩腻了于是开了个小号，比较喜欢17-20世纪初的历史
173871335,1634400593,Misaka13548,1,5,男,Do you like van you see ？月更型up
13349338,1634395671,雒溟,2,6,男,不满足于现状，不付诸于行动
452225107,1634396766,你滴钢板,2,4,保密,DCLXVI
1864816968,1634447579,DieiRare,0,2,保密,很罕见吧 这种人
590497172,1634448890,一个白某人,2,4,保密,真不戳
401443642,1634397826,JLJ5201314,0,2,保密,
2145739534,1634393257,鄂木斯克地堡,0,2,保密,
14101966,1634448941,月上的因幡,1,5,男,
695699362,1634394685,爱吃牛杂的异乡人,0,4,男,
489978303,1634398471,白遇林海,0,2,保密,
589083112,1634388765,爱吃柚子的蓝原芽衣,1,4,保密,
319333289,1634396107,ddgccfgdf,1,4,保密,工贼​精资爬爬爬​
1039461023,1634392026,SCV囸,0,4,保密,
1304176522,1634389980,bili_85957256830,0,2,保密,
358902859,1634391776,sdhhdhe,1,5,男,
696436311,1634392838,Aryanmm,1,3,保密,
403219558,1634391850,71210695280_bili,0,4,保密,
2021766821,1634397533,bili_54497795919,0,2,保密,
397115224,1634388373,红色的帝国,2,3,保密,
498877996,1634384917,bili_48866574869,0,3,保密,
443246542,1634398106,雾中凇Caesar,1,4,保密,
15609008,1634385532,莉姆丝小姐的大白兔,2,6,男, 
431227443,1634382146,文曦256,2,4,保密,
660611777,1634399275,迅猛白,0,4,男,我是煞笔
93537691,1634382728,嘎子楠,1,5,男,坐等收获赞同
408476640,1634391692,㴏䐌䌃2333,0,4,男,一个神奇的初中生...
545603625,1634391764,鹤风阵阵啦,1,4,保密,
18287192,1634397052,勾离-,1,6,男,人生出其不意，就算哪天我被关进了小黑屋里也不稀奇吧
89050798,1634387564,鹄盎岚然,1,5,男,以后随便玩玩啦
404815334,1634394550,約束の桜夢,1,5,保密,
510486714,1634397929,bili_57581482566,0,0,保密,
2385779,1634392107,天之回响,1,5,保密,
7792896,1634392084,echoえここ,2,6,保密,生于黑暗，侍奉光明
397036992,1634394327,池小池小池小池-,0,4,保密,啊怎么才能拥有自制力
1548009815,1634393483,bili_76613556559,0,3,保密,
506811770,1634396900,老徐药,1,4,保密,
23660255,1634445100,萌新只会去白给,1,5,保密,
252279899,1634399243,回火的给骆驼,0,4,保密,
280152351,1634388051,wfgeuii,2,5,保密,
498632143,1634387286,戏剧作家,1,4,保密,
572134798,1634388507,凑凑字数吧,0,3,保密,
375287641,1634322787,我是文若还是鱼,1,4,保密,你知道吗，世界对我有多好。
8600511,1634379111,珈然_Official,1,6,保密,你是来查我成分的吗？
3226373,1634369701,Andy蛋黄,0,2,保密,
1424642162,1634357959,BVT0-75,1,3,保密,
142349292,1634371226,气愤的章鱼哥,1,5,保密,
154258708,1634372970,不会打破惨案的四级号,1,5,保密,
1055930329,1634370889,博麗那啥子靈米,2,3,保密,
471437942,1634377112,西南燃气无限公司,1,4,保密,
381508855,1634373604,Alice_Lona,1,5,保密,喵～
347390590,1634355500,往事越过了千年,1,5,保密,东方红，太阳升。
452999144,1634371598,阴间小鹿,1,5,保密,咕咕咕 剪辑好难呐！ 
251597944,1634362262,十雾雨-U-艸刀人十,1,5,保密,车万～银饼～还有潮汕人～
396900208,1634374988,XWHlll,0,5,男,你们的名字无人知晓，你们的功绩永世长存！
349222293,1634363837,歪比不巴布,1,5,保密,
490344226,1634368890,取名好难QAQQAQ,0,4,保密,
179055482,1634367437,Aramis_Herblay,1,5,保密,Bravery is by far the kindest word for stupidity
35056861,1634358599,比那名居玖玖,2,5,男,少女缓慢学......学个屁，我是懒狗 看什么看，难不成你想被本小姐34码的脚踩吗？
526481880,1634360382,幽谷陌人,1,4,保密,杂食系UP主，不定期更新，不定区更新。。。。 美食星联众国常任理事国元首～
2303353,1634362818,教墨除一,2,6,男,学会，爱与被爱
581965149,1634362619,KL_LmGG,1,4,保密,哈喽，这里是流明de自频道，本人唯一QQ2439183598观众可以点个关注。斗鱼房间号:8899523
349246882,1634376526,Mr_ZenXuan,2,4,保密,您
503918563,1634365621,礼义大魔王,0,5,保密,先把这个昵称占上，防止有心人用来带节奏
478587999,1634380229,2007255,1,3,保密,
1630202226,1634358944,bili_73529628198,1,2,保密,
550388100,1634379234,美利坚的麦凯撒,0,4,保密,
2074702434,1634381052,昆山周明,0,2,保密,
548486705,1634367490,红绿灯w,0,4,保密,
46044445,1634352481,雾岛风起时刻,1,5,保密,
287336336,1634346303,猫和老鼠的游戏,1,5,保密,୧( ⁼̴̶̤̀ω⁼̴̶̤́ )૭
52811923,1634344143,一只眼镜熊,2,5,保密,铭记历史，展望未来
1543365093,1634356483,北伐的东罗马帝朱由检,0,2,保密,这就是为什么大嘤的头盔是原谅色
470898127,1634341082,靓豹,1,5,保密,靓爆了，兄弟
362420508,1634378523,云魂秋梦,1,4,保密,
2139688,1634373256,千葉琉璃_,1,6,保密,么么哒~
45393099,1634327214,通口璃璃子,1,5,保密,
341920619,1634376899,已知彼,0,4,保密,这个人非常懒---在视频方面----
402922217,1634357387,一只可爱的404sans,1,5,保密,ut爱好者 
1229488997,1634357288,用户5148965,1,3,保密,
1542098187,1634415867,任性生活-,0,2,保密,
100614694,1634355156,就想懒着不动,1,4,保密,
1485267043,1634381043,看不见的大手,0,2,保密,
403234798,1634370666,北极Darin,0,4,保密,
478211899,1634356003,Ryanbroot,1,5,保密,只会做drop根本不懂intro的屑
1565130030,1634381880,bili_91594856681,0,3,保密,
291131768,1634378283,隔空物色,2,4,保密,
1541165990,1634357542,近视练习簿,0,3,保密,
203244949,1634374953,销魂的号,1,5,保密,hhhhhhhhhhh
436675780,1634379834,时光能倒流-,0,3,保密,
107684343,1634351581,渴望平凡的超越者,1,5,保密,
484564360,1634372364,青凪零人_,0,4,保密,
1773713016,1634378939,bili_94853684764,0,2,保密,
